{
  "$id": "1",
  "visited": true,
  "ID": 0,
  "value": {
    "$id": "2",
    "curveID": 0,
    "startPoint": [
      0.0,
      0.0
    ],
    "endPoint": [
      18.434389748883667,
      8.9679024630207458
    ],
    "radius": 0.43842865568626943,
    "flow": 1000.0,
    "pressureIn": 309.71594112646869,
    "pressureOut": 260.26594155372817
  },
  "children": [
    {
      "$id": "3",
      "visited": true,
      "ID": 2,
      "value": {
        "$id": "4",
        "curveID": 0,
        "startPoint": [
          18.434389748883667,
          8.9679024630207458
        ],
        "endPoint": [
          45.5913931838246,
          22.179153896348929
        ],
        "radius": 0.38368660968753721,
        "flow": 600.0,
        "pressureIn": 260.26594155372817,
        "pressureOut": 185.74818352505622
      },
      "children": [
        {
          "$id": "5",
          "visited": true,
          "ID": 5,
          "value": {
            "$id": "6",
            "curveID": 0,
            "startPoint": [
              45.5913931838246,
              22.179153896348929
            ],
            "endPoint": [
              58.360580229392752,
              28.391066821953522
            ],
            "radius": 0.31770989840667385,
            "flow": 400.0,
            "pressureIn": 185.74818352505622,
            "pressureOut": 136.06224341018262
          },
          "children": [
            {
              "$id": "7",
              "visited": true,
              "ID": 11,
              "value": {
                "$id": "8",
                "curveID": 0,
                "startPoint": [
                  58.360580229392752,
                  28.391066821953522
                ],
                "endPoint": [
                  66.98084242768779,
                  32.584624170639614
                ],
                "radius": 0.1958836515155889,
                "flow": 200.0,
                "pressureIn": 136.06224341018262,
                "pressureOut": 20.0
              },
              "children": []
            },
            {
              "$id": "9",
              "visited": true,
              "ID": 12,
              "value": {
                "$id": "10",
                "curveID": 1,
                "startPoint": [
                  58.360580229392752,
                  28.391066821953522
                ],
                "endPoint": [
                  38.014769329875577,
                  70.165781805982519
                ],
                "radius": 0.29065002243195415,
                "flow": 200.0,
                "pressureIn": 136.06224341018262,
                "pressureOut": 20.0
              },
              "children": []
            }
          ]
        },
        {
          "$id": "11",
          "visited": true,
          "ID": 6,
          "value": {
            "$id": "12",
            "curveID": 2,
            "startPoint": [
              45.5913931838246,
              22.179153896348929
            ],
            "endPoint": [
              74.358188352049112,
              -37.0661520431716
            ],
            "radius": 0.29010333100446245,
            "flow": 200.0,
            "pressureIn": 185.7481835251871,
            "pressureOut": 20.0
          },
          "children": []
        }
      ]
    },
    {
      "$id": "13",
      "visited": true,
      "ID": 3,
      "value": {
        "$id": "14",
        "curveID": 3,
        "startPoint": [
          18.434389748883667,
          8.9679024630207458
        ],
        "endPoint": [
          11.250584387758318,
          23.821957146287048
        ],
        "radius": 0.30289797245128991,
        "flow": 400.0,
        "pressureIn": 277.03295519743983,
        "pressureOut": 207.1507454768261
      },
      "children": [
        {
          "$id": "15",
          "visited": true,
          "ID": 8,
          "value": {
            "$id": "16",
            "curveID": 3,
            "startPoint": [
              11.250584387758318,
              23.821957146287048
            ],
            "endPoint": [
              11.176076412641986,
              23.976018327107244
            ],
            "radius": 0.063539630542755077,
            "flow": 200.0,
            "pressureIn": 207.1507454768261,
            "pressureOut": 20.0
          },
          "children": []
        },
        {
          "$id": "17",
          "visited": false,
          "ID": 9,
          "value": {
            "$id": "18",
            "curveID": 4,
            "startPoint": [
              11.250584387758318,
              23.821957146287048
            ],
            "endPoint": [
              -69.471150988612479,
              57.043886689204349
            ],
            "radius": 0.3019630809677849,
            "flow": 200.0,
            "pressureIn": 207.1507454768261,
            "pressureOut": 20.0
          },
          "children": []
        }
      ]
    }
  ]
}